_init, basic@00011360, 00011360, 00011368
free_pattern_chain, basic@000115b4, 000115b4, 000115c0
free_pattern_chain, basic@000115c4, 000115c4, 000115c8
free_pattern_chain, basic@0001160c, 0001160c, 0001160c
free_pattern_chain, basic@000115cc, 000115cc, 000115d8
free_pattern_chain, basic@000115dc, 000115dc, 000115dc
free_pattern_chain, basic@000115e0, 000115e0, 000115ec
free_pattern_chain, basic@000115f0, 000115f0, 000115f8
free_pattern_chain, basic@000115fc, 000115fc, 00011608
compile_pattern, basic@00011618, 00011618, 00011678
compile_pattern, basic@00011684, 00011684, 00011698
compile_pattern, basic@0001169c, 0001169c, 000116b4
compile_pattern, basic@000116b8, 000116b8, 000116cc
compile_pattern, basic@000116d0, 000116d0, 000116dc
compile_pattern, basic@000116e0, 000116e0, 00011764
compile_pattern, basic@00011768, 00011768, 00011784
compile_pattern, basic@00011788, 00011788, 00011788
compile_pattern, basic@0001178c, 0001178c, 00011794
compile_pattern, basic@000117d8, 000117d8, 000117e8
compile_pattern, basic@00011824, 00011824, 00011850
compile_pattern, basic@00011854, 00011854, 0001185c
compile_pattern, basic@00011860, 00011860, 00011888
compile_pattern, basic@000118b8, 000118b8, 000118d0
compile_pattern, basic@0001188c, 0001188c, 00011890
compile_pattern, basic@000118d4, 000118d4, 000118ec
compile_pattern, basic@00011894, 00011894, 00011898
compile_pattern, basic@000118f0, 000118f0, 00011904
compile_pattern, basic@0001189c, 0001189c, 000118b4
compile_pattern, basic@00011908, 00011908, 00011940
compile_pattern, basic@000117ec, 000117ec, 00011820
compile_pattern, basic@00011798, 00011798, 000117d4
compile_pattern, basic@0001167c, 0001167c, 00011680
compile_pattern, basic@00011944, 00011944, 00011958
compile_pattern, basic@00011960, 00011960, 00011968
compile_pattern, basic@0001195c, 0001195c, 0001195c
read_pattern_file, basic@000119a8, 000119a8, 000119f4
read_pattern_file, basic@000119f8, 000119f8, 00011a00
read_pattern_file, basic@00011a38, 00011a38, 00011a50
read_pattern_file, basic@00011a54, 00011a54, 00011a90
read_pattern_file, basic@00011a04, 00011a04, 00011a1c
read_pattern_file, basic@00011a20, 00011a20, 00011a34
read_pattern_file, basic@00011ad8, 00011ad8, 00011af4
read_pattern_file, basic@00011b84, 00011b84, 00011b9c
read_pattern_file, basic@00011b9c, 00011b9c, 00011b9c
read_pattern_file, basic@00011ba4, 00011ba4, 00011bac
read_pattern_file, basic@00011af8, 00011af8, 00011b04
read_pattern_file, basic@00011ab0, 00011ab0, 00011ab8
read_pattern_file, basic@00011a94, 00011a94, 00011aac
read_pattern_file, basic@00011abc, 00011abc, 00011ad4
read_pattern_file, basic@00011b08, 00011b08, 00011b1c
read_pattern_file, basic@00011b28, 00011b28, 00011b38
read_pattern_file, basic@00011b38, 00011b38, 00011b3c
read_pattern_file, basic@00011b40, 00011b40, 00011b60
read_pattern_file, basic@00011b20, 00011b20, 00011b24
read_pattern_file, basic@00011bb0, 00011bb0, 00011bc8
read_pattern_file, basic@00011bcc, 00011bcc, 00011bcc
read_pattern_file, basic@00011bd0, 00011bd0, 00011bd8
read_pattern_file, basic@00011b64, 00011b64, 00011b78
read_pattern_file, basic@00011b7c, 00011b7c, 00011b80
main, basic@00011bfc, 00011bfc, 00011c5c
main, basic@00012778, 00012778, 0001278c
main, basic@00011c60, 00011c60, 00011c60
main, basic@00011c90, 00011c90, 00011c94
main, basic@00011c98, 00011c98, 00011ca8
main, basic@00011c64, 00011c64, 00011c68
main, basic@00012760, 00012760, 00012774
main, basic@00011c6c, 00011c6c, 00011c74
main, basic@0001200c, 0001200c, 00012020
main, basic@00011c78, 00011c78, 00011c8c
main, basic@00011cac, 00011cac, 00011cc0
main, basic@00011cc4, 00011cc4, 00011cd4
main, basic@00011cd8, 00011cd8, 00011ce0
main, basic@00011d10, 00011d10, 00011d14
main, basic@00011d18, 00011d18, 00011d24
main, basic@000120d8, 000120d8, 000120dc
main, basic@00011d28, 00011d28, 00011d30
main, basic@00011d34, 00011d34, 00011d38
main, basic@00011d4c, 00011d4c, 00011d50
main, basic@00011d3c, 00011d3c, 00011d48
main, basic@00012024, 00012024, 00012060
main, basic@00011d54, 00011d54, 00011d60
main, basic@00011d64, 00011d64, 00011d6c
main, basic@00012064, 00012064, 00012078
main, basic@0001207c, 0001207c, 00012080
main, basic@00011d70, 00011d70, 00011d74
main, basic@00011d78, 00011d78, 00011d90
main, basic@00011d94, 00011d94, 00011da0
main, basic@000120e0, 000120e0, 000120f8
main, basic@000120fc, 000120fc, 0001210c
main, basic@00012110, 00012110, 00012138
main, basic@000121e0, 000121e0, 00012208
main, basic@00012244, 00012244, 00012248
main, basic@000123b0, 000123b0, 000123c0
main, basic@000123c4, 000123c4, 000123dc
main, basic@0001224c, 0001224c, 00012258
main, basic@00012258, 00012258, 0001225c
main, basic@000123e0, 000123e0, 000123ec
main, basic@00012264, 00012264, 00012268
main, basic@0001226c, 0001226c, 00012280
main, basic@00012284, 00012284, 00012298
main, basic@00012298, 00012298, 000122a0
main, basic@0001220c, 0001220c, 00012234
main, basic@0001213c, 0001213c, 00012144
main, basic@00012238, 00012238, 00012240
main, basic@00012148, 00012148, 000121b4
main, basic@000121b8, 000121b8, 000121cc
main, basic@000122b0, 000122b0, 000122c8
main, basic@000122c8, 000122c8, 00012434
main, basic@00012434, 00012434, 00012438
main, basic@00012440, 00012440, 00012440
main, basic@000122cc, 000122cc, 000122d8
main, basic@000122e0, 000122e0, 000122e8
main, basic@000122ec, 000122ec, 000122f0
main, basic@000122f4, 000122f4, 000122f8
main, basic@00012084, 00012084, 0001208c
main, basic@00011da8, 00011da8, 00011db0
main, basic@00011db0, 00011db0, 00011db0
main, basic@00011db4, 00011db4, 00011db4
main, basic@00012320, 00012320, 00012328
main, basic@00012414, 00012414, 00012428
main, basic@0001232c, 0001232c, 00012330
main, basic@00012334, 00012334, 00012354
main, basic@00012354, 00012354, 00012354
main, basic@00011db8, 00011db8, 00011dcc
main, basic@00011dcc, 00011dcc, 00011dcc
main, basic@00011dd0, 00011dd0, 00011dd4
main, basic@00012790, 00012790, 000127c0
main, basic@00011dd8, 00011dd8, 00011de8
main, basic@00012090, 00012090, 00012094
main, basic@00012098, 00012098, 000120c8
main, basic@000120c8, 000120c8, 000120d0
main, basic@00012364, 00012364, 00012364
main, basic@00012368, 00012368, 0001238c
main, basic@00012390, 00012390, 0001239c
main, basic@0001239c, 0001239c, 0001239c
main, basic@00011df4, 00011df4, 00011df8
main, basic@00012460, 00012460, 00012470
main, basic@00012474, 00012474, 00012488
main, basic@00012488, 00012488, 00012490
main, basic@0001248c, 0001248c, 00012498
main, basic@00011dfc, 00011dfc, 00011e00
main, basic@000123f0, 000123f0, 00012400
main, basic@000124a0, 000124a0, 000124b0
main, basic@0001264c, 0001264c, 00012660
main, basic@00012804, 00012804, 0001282c
main, basic@00012664, 00012664, 00012674
main, basic@000124b4, 000124b4, 000124c4
main, basic@00012404, 00012404, 00012410
main, basic@00011e04, 00011e04, 00011e0c
main, basic@00011e10, 00011e10, 00011e14
main, basic@00012444, 00012444, 00012454
main, basic@00012458, 00012458, 0001245c
main, basic@00012308, 00012308, 0001231c
main, basic@00011e18, 00011e18, 00011e30
main, basic@00011e34, 00011e34, 00011e44
main, basic@00011e48, 00011e48, 00011e50
main, basic@000121d0, 000121d0, 000121dc
main, basic@00012a64, 00012a64, 00012a90
main, basic@00012dd8, 00012dd8, 00012de4
main, basic@00011e54, 00011e54, 00011e64
main, basic@00012f24, 00012f24, 00012f2c
main, basic@00012a94, 00012a94, 00012a98
main, basic@00011e68, 00011e68, 00011e78
main, basic@00011e7c, 00011e7c, 00011e84
main, basic@00011e84, 00011e84, 00011e84
main, basic@00011e88, 00011e88, 00011e98
main, basic@00011e98, 00011e98, 00011e98
main, basic@00011e9c, 00011e9c, 00011eb0
main, basic@00012720, 00012720, 00012728
main, basic@00012830, 00012830, 00012834
main, basic@00011eb4, 00011eb4, 00011eb8
main, basic@00012730, 00012730, 00012730
main, basic@00012734, 00012734, 0001275c
main, basic@00011ec8, 00011ec8, 00011ed4
main, basic@00011ed8, 00011ed8, 00011ee8
main, basic@00012eb4, 00012eb4, 00012ec8
main, basic@00012f10, 00012f10, 00012f18
main, basic@00012ecc, 00012ecc, 00012ee4
main, basic@00011eec, 00011eec, 00011ef0
main, basic@00011ef4, 00011ef4, 00011f04
main, basic@000126e8, 000126e8, 0001271c
main, basic@00011f08, 00011f08, 00011f14
main, basic@00011f18, 00011f18, 00011f28
main, basic@00011f2c, 00011f2c, 00011f40
main, basic@00011f44, 00011f44, 00011f58
main, basic@00011f58, 00011f58, 00011f5c
main, basic@000126bc, 000126bc, 000126d0
main, basic@0001283c, 0001283c, 0001285c
main, basic@00011f64, 00011f64, 00011f74
main, basic@00011f78, 00011f78, 00011f88
main, basic@00011f8c, 00011f8c, 00011f94
main, basic@000126d4, 000126d4, 000126e4
main, basic@00011f98, 00011f98, 00011fac
main, basic@000124c8, 000124c8, 000124cc
main, basic@000126a4, 000126a4, 000126a8
main, basic@000127c4, 000127c4, 000127c8
main, basic@000127cc, 000127cc, 000127d4
main, basic@000126ac, 000126ac, 000126b4
main, basic@000127d8, 000127d8, 000127e0
main, basic@000127e4, 000127e4, 00012800
main, basic@000124d0, 000124d0, 000124d8
main, basic@00011fb0, 00011fb0, 00011fb8
main, basic@000124dc, 000124dc, 000124e4
main, basic@00011fbc, 00011fbc, 00011fd0
main, basic@00011fd4, 00011fd4, 00011fe8
main, basic@00011fec, 00011fec, 00012008
main, basic@00012ab0, 00012ab0, 00012ab4
main, basic@00012b60, 00012b60, 00012b64
main, basic@00012b68, 00012b68, 00012b70
main, basic@00012b74, 00012b74, 00012b7c
main, basic@00012ab8, 00012ab8, 00012ac0
main, basic@00012ac4, 00012ac4, 00012acc
main, basic@00012ad0, 00012ad0, 00012ad8
main, basic@00012adc, 00012adc, 00012af8
main, basic@00012b80, 00012b80, 00012b94
main, basic@00012b98, 00012b98, 00012bac
main, basic@00012bd0, 00012bd0, 00012be0
main, basic@00012bb0, 00012bb0, 00012bcc
main, basic@000124e8, 000124e8, 00012500
main, basic@00012504, 00012504, 00012514
main, basic@00012518, 00012518, 0001252c
main, basic@0001252c, 0001252c, 0001252c
main, basic@00012534, 00012534, 00012548
main, basic@00012548, 00012548, 0001254c
main, basic@00012554, 00012554, 00012568
main, basic@00012afc, 00012afc, 00012b0c
main, basic@00012568, 00012568, 0001256c
main, basic@00012574, 00012574, 00012584
main, basic@00012588, 00012588, 0001259c
main, basic@0001259c, 0001259c, 0001259c
main, basic@000125a4, 000125a4, 000125b8
main, basic@00012678, 00012678, 00012684
main, basic@00012688, 00012688, 000126a0
main, basic@000125b8, 000125b8, 000125bc
main, basic@000125c4, 000125c4, 000125f0
main, basic@0001295c, 0001295c, 00012970
main, basic@000125f4, 000125f4, 000125fc
main, basic@00012600, 00012600, 00012608
main, basic@0001260c, 0001260c, 0001261c
main, basic@00012620, 00012620, 00012620
main, basic@00012624, 00012624, 0001263c
main, basic@00012640, 00012640, 00012648
main, basic@00012864, 00012864, 00012864
main, basic@00012868, 00012868, 0001288c
main, basic@00012890, 00012890, 000128ac
main, basic@000128b0, 000128b0, 000128b4
main, basic@000128b8, 000128b8, 000128c4
main, basic@000128cc, 000128cc, 000128d8
main, basic@000128d8, 000128d8, 000128d8
main, basic@000128dc, 000128dc, 000128f4
main, basic@000128f8, 000128f8, 00012900
main, basic@00012920, 00012920, 00012924
main, basic@00012928, 00012928, 00012940
main, basic@00012944, 00012944, 00012948
main, basic@000129d8, 000129d8, 000129e8
main, basic@000129ec, 000129ec, 000129f4
main, basic@000129f8, 000129f8, 00012a08
main, basic@00012a0c, 00012a0c, 00012a2c
main, basic@00012a30, 00012a30, 00012a34
main, basic@00012a38, 00012a38, 00012a54
main, basic@00012de8, 00012de8, 00012df4
main, basic@00012df4, 00012df4, 00012dfc
main, basic@00012e04, 00012e04, 00012e24
main, basic@00012e28, 00012e28, 00012e5c
main, basic@00012a58, 00012a58, 00012a60
main, basic@00012e60, 00012e60, 00012e70
main, basic@00012e74, 00012e74, 00012e78
main, basic@00012e7c, 00012e7c, 00012e80
main, basic@00012e80, 00012e80, 00012e90
main, basic@00012e94, 00012e94, 00012e98
main, basic@00012e98, 00012e98, 00012e98
main, basic@00012e9c, 00012e9c, 00012ea0
main, basic@00012ea0, 00012ea0, 00012eac
main, basic@00012f4c, 00012f4c, 00012f5c
main, basic@00012f60, 00012f60, 00012f64
main, basic@00012f68, 00012f68, 00012f78
main, basic@00012f80, 00012f80, 00012f88
main, basic@00012f88, 00012f88, 00012f88
main, basic@00012f8c, 00012f8c, 00012fa8
main, basic@00012fac, 00012fac, 00012fb4
main, basic@00012fb8, 00012fb8, 00012fc0
main, basic@00012fe0, 00012fe0, 00012fe4
main, basic@00012fe8, 00012fe8, 00013000
main, basic@00013004, 00013004, 00013008
main, basic@00013028, 00013028, 0001302c
main, basic@00013030, 00013030, 00013048
main, basic@00012b34, 00012b34, 00012b38
main, basic@0001304c, 0001304c, 00013050
main, basic@00013054, 00013054, 00013064
main, basic@0001317c, 0001317c, 0001318c
main, basic@00013068, 00013068, 0001307c
main, basic@00013080, 00013080, 00013084
main, basic@00013088, 00013088, 00013094
main, basic@00013098, 00013098, 000130a0
main, basic@000131ec, 000131ec, 000131f8
main, basic@000132a4, 000132a4, 000132e4
main, basic@000130b4, 000130b4, 000130b8
main, basic@000130bc, 000130bc, 000130d0
main, basic@000130d4, 000130d4, 000130ec
main, basic@000130f0, 000130f0, 000130f8
main, basic@000130fc, 000130fc, 00013114
main, basic@00013118, 00013118, 0001313c
main, basic@00013140, 00013140, 00013160
main, basic@00013164, 00013164, 0001316c
main, basic@00013170, 00013170, 00013170
main, basic@000131d0, 000131d0, 000131d8
main, basic@000131dc, 000131dc, 000131e0
main, basic@000131e4, 000131e4, 000131e8
main, basic@0001320c, 0001320c, 00013220
main, basic@00013228, 00013228, 00013238
main, basic@00013248, 00013248, 00013254
main, basic@00013258, 00013258, 0001327c
main, basic@00013280, 00013280, 00013288
main, basic@0001328c, 0001328c, 0001328c
main, basic@00013290, 00013290, 000132a0
main, basic@00013190, 00013190, 000131b8
main, basic@000131bc, 000131bc, 000131bc
main, basic@000131c0, 000131c0, 000131cc
main, basic@00012974, 00012974, 00012984
main, basic@00012988, 00012988, 00012988
main, basic@0001298c, 0001298c, 000129bc
main, basic@000129c0, 000129c0, 000129c4
main, basic@000129c8, 000129c8, 000129d4
main, basic@00012b1c, 00012b1c, 00012b20
main, basic@00012b24, 00012b24, 00012b30
main, basic@00012b48, 00012b48, 00012b4c
main, basic@00012b50, 00012b50, 00012b5c
main, basic@00012dc0, 00012dc0, 00012dc4
main, basic@00012dc8, 00012dc8, 00012dd4
main, basic@00012ef4, 00012ef4, 00012efc
main, basic@00012f00, 00012f00, 00012f0c
main, basic@00012f1c, 00012f1c, 00012f20
_start, basic@000132e8, 000132e8, 0001332c
call_weak_fn, basic@00011488, 00011488, 00013358
deregister_tm_clones, basic@00013364, 00013364, 00013388
register_tm_clones, basic@000133c4, 000133c4, 000133f0
__do_global_dtors_aux, basic@0001342c, 0001342c, 00013448
__do_global_dtors_aux, basic@00013448, 00013448, 00013448
__do_global_dtors_aux, basic@0001344c, 0001344c, 0001347c
frame_dummy, basic@00013494, 00013494, 000134b0
frame_dummy, basic@000134b4, 000134b4, 000134c8
frame_dummy, basic@000134cc, 000134cc, 000134d4
end_of_line, basic@000134e4, 000134e4, 000134fc
end_of_line, basic@00013500, 00013500, 00013714
end_of_line, basic@00013718, 00013718, 00013720
end_of_line, basic@00013724, 00013724, 00013728
end_of_line, basic@00013738, 00013738, 00013744
end_of_line, basic@0001372c, 0001372c, 00013734
end_of_line, basic@00013790, 00013790, 0001379c
end_of_line, basic@00013510, 00013510, 0001366c
end_of_line, basic@00013670, 00013670, 00013688
end_of_line, basic@00013688, 00013688, 00013688
end_of_line, basic@0001368c, 0001368c, 00013694
end_of_line, basic@00013694, 00013694, 00013694
end_of_line, basic@00013698, 00013698, 00013698
end_of_line, basic@0001369c, 0001369c, 000136a0
end_of_line, basic@000136a4, 000136a4, 000136cc
end_of_line, basic@0001375c, 0001375c, 00013760
end_of_line, basic@000136d4, 000136d4, 000136e8
end_of_line, basic@000136ec, 000136ec, 000136ec
end_of_line, basic@000136f0, 000136f0, 000136f8
end_of_line, basic@000136fc, 000136fc, 00013700
end_of_line, basic@00013704, 00013704, 00013708
end_of_line, basic@0001350c, 0001350c, 00013518
end_of_line, basic@0001351c, 0001351c, 00013534
end_of_line, basic@00013534, 00013534, 00013534
end_of_line, basic@00013538, 00013538, 00013540
end_of_line, basic@00013540, 00013540, 00013540
end_of_line, basic@00013544, 00013544, 00013544
end_of_line, basic@00013548, 00013548, 0001354c
end_of_line, basic@00013550, 00013550, 00013578
end_of_line, basic@00013788, 00013788, 0001378c
end_of_line, basic@00013580, 00013580, 00013594
end_of_line, basic@00013598, 00013598, 00013598
end_of_line, basic@0001359c, 0001359c, 000135a4
end_of_line, basic@00013764, 00013764, 00013768
end_of_line, basic@0001376c, 0001376c, 00013774
end_of_line, basic@00013778, 00013778, 00013784
end_of_line, basic@000135a8, 000135a8, 000135a8
end_of_line, basic@000137a0, 000137a0, 000137a4
end_of_line, basic@000135ac, 000135ac, 000135b0
end_of_line, basic@000137b4, 000137b4, 000137b8
end_of_line, basic@000137b8, 000137b8, 000137b8
end_of_line, basic@000137bc, 000137bc, 000137bc
end_of_line, basic@000137c0, 000137c0, 000137c4
end_of_line, basic@000135b4, 000135b4, 000135b4
end_of_line, basic@000135b8, 000135b8, 000135c4
end_of_line, basic@000135c8, 000135c8, 000135d0
end_of_line, basic@000137a8, 000137a8, 000137ac
end_of_line, basic@00013508, 00013508, 000135dc
end_of_line, basic@000135e8, 000135e8, 000135ec
end_of_line, basic@000135f0, 000135f0, 000135f8
end_of_line, basic@000135fc, 000135fc, 00013600
end_of_line, basic@00013604, 00013604, 0001360c
end_of_line, basic@00013610, 00013610, 0001361c
end_of_line, basic@000135e0, 000135e0, 000135e4
end_of_line, basic@00013504, 00013504, 00013624
end_of_line, basic@00013628, 00013628, 00013630
end_of_line, basic@00013630, 00013630, 00013630
end_of_line, basic@00013648, 00013648, 00013654
end_of_line, basic@0001363c, 0001363c, 00013644
end_of_line, basic@0001374c, 0001374c, 0001374c
end_of_line, basic@00013750, 00013750, 00013758
end_of_line, basic@00013658, 00013658, 00013664
test_incexc, basic@000137dc, 000137dc, 000137fc
test_incexc, basic@00013814, 00013814, 0001383c
test_incexc, basic@00013840, 00013840, 00013848
test_incexc, basic@00013808, 00013808, 00013810
test_incexc, basic@0001384c, 0001384c, 00013850
test_incexc, basic@00013858, 00013858, 00013880
test_incexc, basic@00013884, 00013884, 0001388c
test_incexc, basic@00013840, 00013840, 00013848
test_incexc, basic@00013894, 00013894, 0001389c
read_one_line, basic@000138a0, 000138a0, 000138b4
read_one_line, basic@000138cc, 000138cc, 000138d8
read_one_line, basic@000138dc, 000138dc, 000138e0
read_one_line, basic@000138b8, 000138b8, 000138c4
read_one_line, basic@000138c4, 000138c4, 000138c4
read_one_line, basic@000138c8, 000138c8, 000138c8
read_one_line, basic@000138dc, 000138dc, 000138e0
pcregrep_exit, basic@000138e4, 000138e4, 00013908
pcregrep_exit, basic@00013914, 00013914, 0001395c
pcregrep_exit, basic@0001390c, 0001390c, 00013910
match_patterns, basic@00013974, 00013974, 00013994
match_patterns, basic@00013b0c, 00013b0c, 00013b1c
match_patterns, basic@00013998, 00013998, 000139a8
match_patterns, basic@000139ac, 000139ac, 000139b0
match_patterns, basic@000139b4, 000139b4, 000139c8
match_patterns, basic@000139cc, 000139cc, 000139fc
match_patterns, basic@00013b04, 00013b04, 00013b24
match_patterns, basic@00013a00, 00013a00, 00013a04
match_patterns, basic@00013a20, 00013a20, 00013a58
match_patterns, basic@00013a5c, 00013a5c, 00013a70
match_patterns, basic@00013a74, 00013a74, 00013ad4
match_patterns, basic@00013ad4, 00013ad4, 00013ae0
match_patterns, basic@00013ae4, 00013ae4, 00013afc
match_patterns, basic@00013b28, 00013b28, 00013b44
match_patterns, basic@00013b04, 00013b04, 00013b08
match_patterns, basic@00013a08, 00013a08, 00013a14
match_patterns, basic@00013a18, 00013a18, 00013b08
do_after_lines, basic@00013b78, 00013b78, 00013bb0
do_after_lines, basic@00013bb4, 00013bb4, 00013bc4
do_after_lines, basic@00013bc8, 00013bc8, 00013bfc
do_after_lines, basic@00013c48, 00013c48, 00013c4c
do_after_lines, basic@00013c50, 00013c50, 00013c60
do_after_lines, basic@00013c64, 00013c64, 00013c6c
do_after_lines, basic@00013c70, 00013c70, 00013c8c
do_after_lines, basic@00013c00, 00013c00, 00013c2c
do_after_lines, basic@00013c30, 00013c30, 00013c3c
do_after_lines, basic@00013c90, 00013c90, 00013cb0
do_after_lines, basic@00013cb4, 00013cb4, 00013cb8
do_after_lines, basic@00013cbc, 00013cbc, 00013cbc
add_number, basic@00013ce0, 00013ce0, 00013d00
add_number, basic@00013d04, 00013d04, 00013d14
add_number, basic@00013d14, 00013d14, 00013d1c
add_number, basic@00013d20, 00013d20, 00013d20
add_number, basic@00013d24, 00013d24, 00013d48
add_pattern, basic@00013d58, 00013d58, 00013d78
add_pattern, basic@00013de4, 00013de4, 00013e08
add_pattern, basic@00013d7c, 00013d7c, 00013d88
add_pattern, basic@00013d8c, 00013d8c, 00013d98
add_pattern, basic@00013d98, 00013d98, 00013d98
add_pattern, basic@00013d9c, 00013d9c, 00013da0
add_pattern, basic@00013da0, 00013da0, 00013da0
add_pattern, basic@00013da4, 00013da4, 00013dac
add_pattern, basic@00013dac, 00013dac, 00013db4
add_pattern, basic@00013db8, 00013db8, 00013db8
add_pattern, basic@00013dbc, 00013dbc, 00013de0
pcregrep, basic@00013e1c, 00013e1c, 00013e6c
pcregrep, basic@000142f8, 000142f8, 000142fc
pcregrep, basic@00013e70, 00013e70, 00013e78
pcregrep, basic@00014300, 00014300, 0001431c
pcregrep, basic@00013e7c, 00013e7c, 00013e98
pcregrep, basic@00013e9c, 00013e9c, 00013ebc
pcregrep, basic@00014578, 00014578, 00014580
pcregrep, basic@00013ec0, 00013ec0, 00013ec8
pcregrep, basic@00013ecc, 00013ecc, 00013ecc
pcregrep, basic@00013ed0, 00013ed0, 00013ed8
pcregrep, basic@00014320, 00014320, 00014324
pcregrep, basic@00014328, 00014328, 00014330
pcregrep, basic@00013ee0, 00013ee0, 00013ee8
pcregrep, basic@00013eec, 00013eec, 00013f30
pcregrep, basic@00013f34, 00013f34, 00013f6c
pcregrep, basic@00013f6c, 00013f6c, 00013f74
pcregrep, basic@00013f78, 00013f78, 00013f80
pcregrep, basic@00013f84, 00013f84, 00013fa4
pcregrep, basic@00013fa8, 00013fa8, 00013fd8
pcregrep, basic@00013fdc, 00013fdc, 00014000
pcregrep, basic@00014004, 00014004, 00014010
pcregrep, basic@00014684, 00014684, 00014688
pcregrep, basic@00014014, 00014014, 0001401c
pcregrep, basic@000146dc, 000146dc, 000146e0
pcregrep, basic@00014020, 00014020, 00014028
pcregrep, basic@0001468c, 0001468c, 00014698
pcregrep, basic@0001402c, 0001402c, 00014034
pcregrep, basic@000146e4, 000146e4, 00014704
pcregrep, basic@00014038, 00014038, 0001403c
pcregrep, basic@00014708, 00014708, 00014728
pcregrep, basic@00014040, 00014040, 00014048
pcregrep, basic@0001472c, 0001472c, 00014738
pcregrep, basic@0001473c, 0001473c, 00014744
pcregrep, basic@0001488c, 0001488c, 000148a0
pcregrep, basic@00014748, 00014748, 00014750
pcregrep, basic@00014754, 00014754, 0001476c
pcregrep, basic@0001477c, 0001477c, 00014790
pcregrep, basic@00014770, 00014770, 00014778
pcregrep, basic@00014794, 00014794, 000147a4
pcregrep, basic@00015268, 00015268, 00015278
pcregrep, basic@0001482c, 0001482c, 00014830
pcregrep, basic@00014834, 00014834, 00014844
pcregrep, basic@00014848, 00014848, 00014850
pcregrep, basic@00014854, 00014854, 00014870
pcregrep, basic@000147f8, 000147f8, 00014824
pcregrep, basic@00015250, 00015250, 00015264
pcregrep, basic@00014bb0, 00014bb0, 00014bb8
pcregrep, basic@00014bbc, 00014bbc, 00014bc8
pcregrep, basic@000148a4, 000148a4, 000148a8
pcregrep, basic@00014bcc, 00014bcc, 00014c00
pcregrep, basic@000148b0, 000148b0, 000148c4
pcregrep, basic@000148c8, 000148c8, 000148f4
pcregrep, basic@000148f8, 000148f8, 000148fc
pcregrep, basic@00014900, 00014900, 0001491c
pcregrep, basic@00014920, 00014920, 00014920
pcregrep, basic@00014924, 00014924, 00014928
pcregrep, basic@00014928, 00014928, 00014928
pcregrep, basic@00014930, 00014930, 00014934
pcregrep, basic@00014938, 00014938, 00014944
pcregrep, basic@00014948, 00014948, 00014b50
pcregrep, basic@00014b54, 00014b54, 00014b5c
pcregrep, basic@00014b60, 00014b60, 00014b64
pcregrep, basic@00014b74, 00014b74, 00014b7c
pcregrep, basic@00014b68, 00014b68, 00014b70
pcregrep, basic@00014958, 00014958, 00014958
pcregrep, basic@00014954, 00014954, 00014954
pcregrep, basic@000149ec, 000149ec, 00014a04
pcregrep, basic@00014a04, 00014a04, 00014a04
pcregrep, basic@00014a08, 00014a08, 00014a0c
pcregrep, basic@00014a10, 00014a10, 00014a18
pcregrep, basic@00014a18, 00014a18, 00014a18
pcregrep, basic@00014a1c, 00014a1c, 00014a20
pcregrep, basic@00014a24, 00014a24, 00014a30
pcregrep, basic@00014a30, 00014a30, 00014a30
pcregrep, basic@00014a34, 00014a34, 00014a40
pcregrep, basic@00014a48, 00014a48, 00014a48
pcregrep, basic@00014a88, 00014a88, 00014a94
pcregrep, basic@00014aa0, 00014aa0, 00014aa0
pcregrep, basic@00014aa4, 00014aa4, 00014ab0
pcregrep, basic@00014ab4, 00014ab4, 00014ab8
pcregrep, basic@00014abc, 00014abc, 00014ae4
pcregrep, basic@00014a5c, 00014a5c, 00014a60
pcregrep, basic@00014aec, 00014aec, 00014b00
pcregrep, basic@00014b04, 00014b04, 00014b08
pcregrep, basic@00014a64, 00014a64, 00014a68
pcregrep, basic@00014a6c, 00014a6c, 00014a6c
pcregrep, basic@00014a70, 00014a70, 00014a78
pcregrep, basic@00014b24, 00014b24, 00014b30
pcregrep, basic@00014b0c, 00014b0c, 00014b10
pcregrep, basic@00014b14, 00014b14, 00014b18
pcregrep, basic@00014950, 00014950, 00014950
pcregrep, basic@00014974, 00014974, 0001497c
pcregrep, basic@00014980, 00014980, 00014988
pcregrep, basic@0001498c, 0001498c, 00014990
pcregrep, basic@000149a0, 000149a0, 000149a8
pcregrep, basic@00014994, 00014994, 0001499c
pcregrep, basic@00014960, 00014960, 00014964
pcregrep, basic@00014968, 00014968, 00014970
pcregrep, basic@0001494c, 0001494c, 000149b8
pcregrep, basic@000149bc, 000149bc, 000149c4
pcregrep, basic@00014c04, 00014c04, 00014c08
pcregrep, basic@000149c8, 000149c8, 000149cc
pcregrep, basic@000149dc, 000149dc, 000149e4
pcregrep, basic@000149d0, 000149d0, 000149d8
pcregrep, basic@00014f9c, 00014f9c, 00014fbc
pcregrep, basic@00014d40, 00014d40, 00014d50
pcregrep, basic@00014d50, 00014d50, 00014d50
pcregrep, basic@00014d54, 00014d54, 00014d54
pcregrep, basic@00014d58, 00014d58, 00014d5c
pcregrep, basic@0001516c, 0001516c, 00015188
pcregrep, basic@00014d60, 00014d60, 00014d64
pcregrep, basic@00014d68, 00014d68, 00014dac
pcregrep, basic@00014f18, 00014f18, 00014f1c
pcregrep, basic@00014f20, 00014f20, 00014f30
pcregrep, basic@00014f34, 00014f34, 00014f3c
pcregrep, basic@00014f40, 00014f40, 00014f64
pcregrep, basic@00014ee4, 00014ee4, 00014f10
pcregrep, basic@00014f78, 00014f78, 00014f88
pcregrep, basic@00014c14, 00014c14, 00014c14
pcregrep, basic@00014c18, 00014c18, 00014c1c
pcregrep, basic@00014c20, 00014c20, 00014c28
pcregrep, basic@00014c2c, 00014c2c, 00014c40
pcregrep, basic@00014c44, 00014c44, 00014c54
pcregrep, basic@00014d10, 00014d10, 00014d2c
pcregrep, basic@00014c58, 00014c58, 00014c74
pcregrep, basic@00014c78, 00014c78, 00014c80
pcregrep, basic@00014ca0, 00014ca0, 00014cb0
pcregrep, basic@00014c9c, 00014c9c, 00014c9c
pcregrep, basic@00014cb4, 00014cb4, 00014cbc
pcregrep, basic@00014cc0, 00014cc0, 00014cc8
pcregrep, basic@00014ccc, 00014ccc, 00014cdc
pcregrep, basic@00014cdc, 00014cdc, 00014cdc
pcregrep, basic@00014ce0, 00014ce0, 00014ce0
pcregrep, basic@00014ce4, 00014ce4, 00014ce8
pcregrep, basic@00014fc8, 00014fc8, 00015054
pcregrep, basic@00015108, 00015108, 0001512c
pcregrep, basic@00015130, 00015130, 00015144
pcregrep, basic@0001508c, 0001508c, 00015104
pcregrep, basic@00015148, 00015148, 00015150
pcregrep, basic@00015154, 00015154, 00015168
pcregrep, basic@00014cec, 00014cec, 00014d0c
pcregrep, basic@0001404c, 0001404c, 00014050
pcregrep, basic@0001469c, 0001469c, 000146ac
pcregrep, basic@00014b84, 00014b84, 00014b94
pcregrep, basic@000146b0, 000146b0, 000146d8
pcregrep, basic@00014054, 00014054, 0001405c
pcregrep, basic@00014060, 00014060, 00014078
pcregrep, basic@0001407c, 0001407c, 0001408c
pcregrep, basic@00014288, 00014288, 000142a8
pcregrep, basic@00014090, 00014090, 000140a0
pcregrep, basic@00014254, 00014254, 00014284
pcregrep, basic@000140a4, 000140a4, 000140ac
pcregrep, basic@000142c0, 000142c0, 000142f4
pcregrep, basic@000140b0, 000140b0, 000140b8
pcregrep, basic@00014140, 00014140, 0001414c
pcregrep, basic@00014150, 00014150, 00014170
pcregrep, basic@00014174, 00014174, 0001417c
pcregrep, basic@00014180, 00014180, 0001419c
pcregrep, basic@00014100, 00014100, 00014100
pcregrep, basic@000141a0, 000141a0, 000141c0
pcregrep, basic@00014104, 00014104, 0001412c
pcregrep, basic@0001412c, 0001412c, 0001412c
pcregrep, basic@00014134, 00014134, 0001413c
pcregrep, basic@000141c4, 000141c4, 000141e4
pcregrep, basic@000141e8, 000141e8, 000141f0
pcregrep, basic@000141f0, 000141f0, 000141f0
pcregrep, basic@000141f4, 000141f4, 000141fc
pcregrep, basic@000141fc, 000141fc, 000141fc
pcregrep, basic@00014200, 00014200, 00014204
pcregrep, basic@00014208, 00014208, 00014218
pcregrep, basic@0001421c, 0001421c, 0001422c
pcregrep, basic@00014230, 00014230, 00014240
pcregrep, basic@000142ac, 000142ac, 000142bc
pcregrep, basic@00014244, 00014244, 00014250
pcregrep, basic@00014584, 00014584, 00014590
pcregrep, basic@00014594, 00014594, 000145a4
pcregrep, basic@000145a8, 000145a8, 000145b4
pcregrep, basic@000145b8, 000145b8, 000145c4
pcregrep, basic@000145cc, 000145cc, 000145d8
pcregrep, basic@000145e4, 000145e4, 000145f4
pcregrep, basic@000145dc, 000145dc, 000145dc
pcregrep, basic@00014fc0, 00014fc0, 00014fc4
pcregrep, basic@000145e0, 000145e0, 000145e0
pcregrep, basic@000145fc, 000145fc, 00014620
pcregrep, basic@00014338, 00014338, 0001435c
pcregrep, basic@00014360, 00014360, 00014374
pcregrep, basic@00014624, 00014624, 00014658
pcregrep, basic@0001465c, 0001465c, 00014670
pcregrep, basic@00014674, 00014674, 0001467c
pcregrep, basic@00014378, 00014378, 0001439c
pcregrep, basic@000143a0, 000143a0, 000143a8
pcregrep, basic@000143a8, 000143a8, 000143a8
pcregrep, basic@000143b0, 000143b0, 000143bc
pcregrep, basic@000143c0, 000143c0, 000143c8
pcregrep, basic@000143cc, 000143cc, 000143f4
pcregrep, basic@000143f8, 000143f8, 00014420
pcregrep, basic@0001487c, 0001487c, 00014888
pcregrep, basic@00014424, 00014424, 0001442c
pcregrep, basic@00014430, 00014430, 00014454
pcregrep, basic@00014458, 00014458, 0001446c
pcregrep, basic@00014470, 00014470, 00014478
pcregrep, basic@000151b0, 000151b0, 000151c4
pcregrep, basic@000152b4, 000152b4, 000152c0
pcregrep, basic@000151c8, 000151c8, 000151d0
pcregrep, basic@000151d4, 000151d4, 000151f4
pcregrep, basic@000151f8, 000151f8, 00015210
pcregrep, basic@00014480, 00014480, 00014490
pcregrep, basic@00014494, 00014494, 0001449c
pcregrep, basic@000144a0, 000144a0, 000144ac
pcregrep, basic@000144ac, 000144ac, 000144ac
pcregrep, basic@000144b0, 000144b0, 000144b0
pcregrep, basic@000144b4, 000144b4, 000144c4
pcregrep, basic@000144c8, 000144c8, 000144dc
pcregrep, basic@000144e0, 000144e0, 000144f0
pcregrep, basic@000144f4, 000144f4, 00014504
pcregrep, basic@00015214, 00015214, 00015224
pcregrep, basic@00015228, 00015228, 0001524c
pcregrep, basic@00014508, 00014508, 00014518
pcregrep, basic@0001451c, 0001451c, 00014524
pcregrep, basic@00015280, 00015280, 00015288
pcregrep, basic@00014528, 00014528, 00014534
pcregrep, basic@00015290, 00015290, 000152b0
pcregrep, basic@00014540, 00014540, 00014554
pcregrep, basic@00014558, 00014558, 0001456c
pcregrep, basic@00014570, 00014570, 00014574
pcregrep, basic@0001527c, 0001527c, 0001527c
grep_or_recurse, basic@000152c4, 000152c4, 00015308
grep_or_recurse, basic@00015308, 00015308, 00015308
grep_or_recurse, basic@00015318, 00015318, 00015320
grep_or_recurse, basic@00015324, 00015324, 00015330
grep_or_recurse, basic@000153d4, 000153d4, 000153e8
grep_or_recurse, basic@000153ec, 000153ec, 000153f8
grep_or_recurse, basic@000153fc, 000153fc, 0001540c
grep_or_recurse, basic@00015410, 00015410, 0001542c
grep_or_recurse, basic@00015334, 00015334, 00015344
grep_or_recurse, basic@00015348, 00015348, 0001535c
grep_or_recurse, basic@00015360, 00015360, 00015368
grep_or_recurse, basic@0001548c, 0001548c, 00015498
grep_or_recurse, basic@00015574, 00015574, 0001557c
grep_or_recurse, basic@00015580, 00015580, 000155b4
grep_or_recurse, basic@0001549c, 0001549c, 000154a8
grep_or_recurse, basic@000154ac, 000154ac, 000154b8
grep_or_recurse, basic@000154bc, 000154bc, 000154c4
grep_or_recurse, basic@00015528, 00015528, 00015530
grep_or_recurse, basic@00015534, 00015534, 00015538
grep_or_recurse, basic@0001553c, 0001553c, 00015544
grep_or_recurse, basic@000154c8, 000154c8, 00015504
grep_or_recurse, basic@0001554c, 0001554c, 00015554
grep_or_recurse, basic@00015558, 00015558, 00015558
grep_or_recurse, basic@00015508, 00015508, 00015518
grep_or_recurse, basic@0001551c, 0001551c, 00015524
grep_or_recurse, basic@0001536c, 0001536c, 00015380
grep_or_recurse, basic@00015438, 00015438, 00015448
grep_or_recurse, basic@00015448, 00015448, 00015448
grep_or_recurse, basic@00015450, 00015450, 00015488
grep_or_recurse, basic@00015384, 00015384, 00015394
grep_or_recurse, basic@00015560, 00015560, 00015568
grep_or_recurse, basic@0001556c, 0001556c, 0001556c
grep_or_recurse, basic@0001539c, 0001539c, 000153b0
grep_or_recurse, basic@00015430, 00015430, 00015434
grep_or_recurse, basic@000153b4, 000153b4, 000153c4
grep_or_recurse, basic@000153c8, 000153c8, 000153d0
grep_or_recurse, basic@000155b8, 000155b8, 000155b8
grep_or_recurse, basic@000155ec, 000155ec, 000155fc
grep_or_recurse, basic@00015600, 00015600, 00015608
grep_or_recurse, basic@0001560c, 0001560c, 00015634
grep_or_recurse, basic@00015644, 00015644, 0001564c
grep_or_recurse, basic@00015650, 00015650, 00015650
grep_or_recurse, basic@0001563c, 0001563c, 0001563c
grep_or_recurse, basic@00015640, 00015640, 00015640
usage, basic@00015668, 00015668, 000156a4
usage, basic@000156a8, 000156a8, 000156a8
usage, basic@000156ac, 000156ac, 000156b4
usage, basic@000156b8, 000156b8, 000156bc
usage, basic@000156c0, 000156c0, 000156c8
usage, basic@000156cc, 000156cc, 00015700
decode_number, basic@0001571c, 0001571c, 00015744
decode_number, basic@000157e0, 000157e0, 000157ec
decode_number, basic@00015748, 00015748, 00015754
decode_number, basic@00015764, 00015764, 00015770
decode_number, basic@00015774, 00015774, 00015774
decode_number, basic@00015758, 00015758, 00015760
decode_number, basic@00015778, 00015778, 00015780
decode_number, basic@00015790, 00015790, 0001579c
decode_number, basic@00015784, 00015784, 0001578c
decode_number, basic@000157a0, 000157a0, 000157b4
decode_number, basic@000157b4, 000157b4, 000157b8
decode_number, basic@000157c0, 000157c0, 000157c4
decode_number, basic@000157c4, 000157c4, 000157c8
decode_number, basic@000157cc, 000157cc, 000157d0
decode_number, basic@000157f0, 000157f0, 000157f4
decode_number, basic@0001584c, 0001584c, 00015874
decode_number, basic@000157f8, 000157f8, 0001580c
decode_number, basic@00015814, 00015814, 00015818
decode_number, basic@0001581c, 0001581c, 00015840
decode_number, basic@00015844, 00015844, 00015848
decode_number, basic@000157d4, 000157d4, 000157dc
handle_option, basic@00015888, 00015888, 000158b4
handle_option, basic@00015adc, 00015adc, 00015af0
handle_option, basic@00015ad8, 00015ad8, 00015b24
handle_option, basic@00015ad4, 00015ad4, 00015bc8
handle_option, basic@00015ad0, 00015ad0, 00015ba0
handle_option, basic@00015acc, 00015acc, 00015acc
handle_option, basic@00015ac8, 00015ac8, 00015bb4
handle_option, basic@00015ac4, 00015ac4, 00015b38
handle_option, basic@00015ac0, 00015ac0, 00015b4c
handle_option, basic@00015abc, 00015abc, 00015abc
handle_option, basic@00015ab8, 00015ab8, 00015b70
handle_option, basic@00015b70, 00015b70, 00015b70
handle_option, basic@00015ab4, 00015ab4, 00015b88
handle_option, basic@00015ab0, 00015ab0, 00015ab0
handle_option, basic@00015aac, 00015aac, 00015bec
handle_option, basic@00015aa8, 00015aa8, 00015aa8
handle_option, basic@00015aa4, 00015aa4, 00015aa4
handle_option, basic@00015aa0, 00015aa0, 00015bf4
handle_option, basic@00015a9c, 00015a9c, 00015c08
handle_option, basic@00015a98, 00015a98, 00015a98
handle_option, basic@00015a94, 00015a94, 00015a94
handle_option, basic@00015a90, 00015a90, 00015a90
handle_option, basic@00015a8c, 00015a8c, 00015a8c
handle_option, basic@00015a88, 00015a88, 00015c1c
handle_option, basic@00015a84, 00015a84, 00015a84
handle_option, basic@00015a80, 00015a80, 00015c30
handle_option, basic@00015a7c, 00015a7c, 00015a7c
handle_option, basic@00015a78, 00015a78, 00015a78
handle_option, basic@00015a74, 00015a74, 00015a74
handle_option, basic@00015a70, 00015a70, 00015a70
handle_option, basic@00015a6c, 00015a6c, 00015a6c
handle_option, basic@00015a68, 00015a68, 00015a68
handle_option, basic@00015a64, 00015a64, 00015a64
handle_option, basic@00015a60, 00015a60, 00015a60
handle_option, basic@00015a5c, 00015a5c, 00015a5c
handle_option, basic@00015a58, 00015a58, 00015a58
handle_option, basic@00015a54, 00015a54, 00015c60
handle_option, basic@00015a50, 00015a50, 00015a50
handle_option, basic@00015a4c, 00015a4c, 00015a4c
handle_option, basic@00015a48, 00015a48, 00015a48
handle_option, basic@00015a44, 00015a44, 00015a44
handle_option, basic@00015a40, 00015a40, 00015a40
handle_option, basic@00015a3c, 00015a3c, 00015a3c
handle_option, basic@00015a38, 00015a38, 00015a38
handle_option, basic@00015a34, 00015a34, 00015a34
handle_option, basic@00015a30, 00015a30, 00015c7c
handle_option, basic@00015a2c, 00015a2c, 00015c90
handle_option, basic@00015a28, 00015a28, 00015a28
handle_option, basic@00015a24, 00015a24, 00015a24
handle_option, basic@00015a20, 00015a20, 00015ca4
handle_option, basic@00015a1c, 00015a1c, 00015cb8
handle_option, basic@00015a18, 00015a18, 00015a18
handle_option, basic@00015a14, 00015a14, 00015cd0
handle_option, basic@00015a10, 00015a10, 00015a10
handle_option, basic@00015a0c, 00015a0c, 00015a0c
handle_option, basic@00015a08, 00015a08, 00015a08
handle_option, basic@00015a04, 00015a04, 00015a04
handle_option, basic@00015a00, 00015a00, 00015a00
handle_option, basic@000159fc, 000159fc, 000159fc
handle_option, basic@000159f8, 000159f8, 000159f8
handle_option, basic@000159f4, 000159f4, 000159f4
handle_option, basic@000159f0, 000159f0, 000159f0
handle_option, basic@000159ec, 000159ec, 000159ec
handle_option, basic@000159e8, 000159e8, 000159e8
handle_option, basic@000159e4, 000159e4, 000159e4
handle_option, basic@000159e0, 000159e0, 000159e0
handle_option, basic@000159dc, 000159dc, 000159dc
handle_option, basic@000159d8, 000159d8, 000159d8
handle_option, basic@000159d4, 000159d4, 000159d4
handle_option, basic@000159d0, 000159d0, 000159d0
handle_option, basic@000159cc, 000159cc, 000159cc
handle_option, basic@000159c8, 000159c8, 000159c8
handle_option, basic@000159c4, 000159c4, 000159c4
handle_option, basic@000159c0, 000159c0, 000159c0
handle_option, basic@000159bc, 000159bc, 000159bc
handle_option, basic@000159b8, 000159b8, 000159b8
handle_option, basic@000159b4, 000159b4, 000159b4
handle_option, basic@000159b0, 000159b0, 000159b0
handle_option, basic@000159ac, 000159ac, 000159ac
handle_option, basic@000159a8, 000159a8, 000159a8
handle_option, basic@000159a4, 000159a4, 000159a4
handle_option, basic@000159a0, 000159a0, 000159a0
handle_option, basic@0001599c, 0001599c, 0001599c
handle_option, basic@00015998, 00015998, 00015998
handle_option, basic@00015994, 00015994, 00015994
handle_option, basic@00015990, 00015990, 00015990
handle_option, basic@0001598c, 0001598c, 0001598c
handle_option, basic@00015988, 00015988, 00015988
handle_option, basic@00015984, 00015984, 00015984
handle_option, basic@00015980, 00015980, 00015980
handle_option, basic@0001597c, 0001597c, 0001597c
handle_option, basic@00015978, 00015978, 00015978
handle_option, basic@00015974, 00015974, 00015974
handle_option, basic@00015970, 00015970, 00015970
handle_option, basic@0001596c, 0001596c, 0001596c
handle_option, basic@00015968, 00015968, 00015968
handle_option, basic@00015964, 00015964, 00015964
handle_option, basic@00015960, 00015960, 00015960
handle_option, basic@0001595c, 0001595c, 0001595c
handle_option, basic@00015958, 00015958, 00015958
handle_option, basic@00015954, 00015954, 00015954
handle_option, basic@00015950, 00015950, 00015950
handle_option, basic@0001594c, 0001594c, 0001594c
handle_option, basic@00015948, 00015948, 00015948
handle_option, basic@00015944, 00015944, 00015944
handle_option, basic@00015940, 00015940, 00015940
handle_option, basic@0001593c, 0001593c, 0001593c
handle_option, basic@00015938, 00015938, 00015938
handle_option, basic@00015934, 00015934, 00015934
handle_option, basic@00015930, 00015930, 00015930
handle_option, basic@0001592c, 0001592c, 0001592c
handle_option, basic@00015928, 00015928, 00015928
handle_option, basic@00015924, 00015924, 00015924
handle_option, basic@00015920, 00015920, 00015920
handle_option, basic@0001591c, 0001591c, 0001591c
handle_option, basic@00015918, 00015918, 00015918
handle_option, basic@00015914, 00015914, 00015914
handle_option, basic@00015910, 00015910, 00015910
handle_option, basic@0001590c, 0001590c, 0001590c
handle_option, basic@00015908, 00015908, 00015908
handle_option, basic@00015904, 00015904, 00015904
handle_option, basic@00015900, 00015900, 00015900
handle_option, basic@000158fc, 000158fc, 000158fc
handle_option, basic@000158f8, 000158f8, 000158f8
handle_option, basic@000158f4, 000158f4, 000158f4
handle_option, basic@000158f0, 000158f0, 000158f0
handle_option, basic@000158ec, 000158ec, 00015d38
handle_option, basic@00015d3c, 00015d3c, 00015d74
handle_option, basic@00015d88, 00015d88, 00015d9c
handle_option, basic@00015da0, 00015da0, 00015da4
handle_option, basic@00015efc, 00015efc, 00015f04
handle_option, basic@00015da8, 00015da8, 00015db0
handle_option, basic@00015db4, 00015db4, 00015dd0
handle_option, basic@00015dd4, 00015dd4, 00015de8
handle_option, basic@00015f08, 00015f08, 00015f1c
handle_option, basic@00015dec, 00015dec, 00015e00
handle_option, basic@00015e00, 00015e00, 00015e00
handle_option, basic@00015e04, 00015e04, 00015e0c
handle_option, basic@00015d78, 00015d78, 00015d84
handle_option, basic@00015e90, 00015e90, 00015ef8
handle_option, basic@000158e8, 000158e8, 000158e8
handle_option, basic@000158e4, 000158e4, 000158e4
handle_option, basic@000158e0, 000158e0, 000158e0
handle_option, basic@000158dc, 000158dc, 000158dc
handle_option, basic@000158d8, 000158d8, 000158d8
handle_option, basic@000158d4, 000158d4, 00015e24
handle_option, basic@000158d0, 000158d0, 00015e38
handle_option, basic@000158cc, 000158cc, 00015e4c
handle_option, basic@000158c8, 000158c8, 000158c8
handle_option, basic@000158c4, 000158c4, 000158c4
handle_option, basic@000158c0, 000158c0, 000158c0
handle_option, basic@00015e68, 00015e68, 00015e8c
handle_option, basic@000158bc, 000158bc, 00015e64
handle_option, basic@00015af4, 00015af4, 00015b04
handle_option, basic@00015f20, 00015f20, 00015f20
handle_option, basic@00015b08, 00015b08, 00015b0c
__libc_csu_init, basic@00015fe8, 00015fe8, 00016018
__libc_csu_init, basic@0001601c, 0001601c, 00016038
__libc_csu_init, basic@0001603c, 0001603c, 0001603c
__libc_csu_fini, basic@00016048, 00016048, 00016048
_fini, basic@0001604c, 0001604c, 00016050
